Customer_ID,Age_Group,Gender,Region,Customer_Type
1,36-45,Female,South,Repeat
2,18-25,Female,South,New
3,46-60,Male,North,New
4,26-35,Female,West,New
5,26-35,Male,West,New
6,18-25,Male,South,Repeat
7,46-60,Male,South,Repeat
8,46-60,Male,North,Repeat
9,26-35,Male,South,New
10,26-35,Female,South,Repeat
11,36-45,Male,West,Repeat
12,18-25,Female,South,New
13,26-35,Male,North,New
14,46-60,Female,South,New
15,46-60,Male,South,New
16,26-35,Female,South,New
17,46-60,Female,East,New
18,18-25,Male,South,Repeat
19,46-60,Male,North,Repeat
20,46-60,Male,West,Repeat
21,26-35,Female,West,Repeat
22,18-25,Male,East,Repeat
23,18-25,Male,North,New
24,36-45,Female,West,New
25,18-25,Male,West,Repeat
26,36-45,Male,South,Repeat
27,26-35,Female,South,Repeat
28,46-60,Male,South,Repeat
29,18-25,Female,East,New
30,36-45,Male,South,New
31,18-25,Female,North,Repeat
32,26-35,Female,East,Repeat
33,36-45,Male,West,New
34,36-45,Female,West,Repeat
35,36-45,Male,North,New
36,26-35,Female,North,Repeat
37,36-45,Female,West,New
38,46-60,Male,North,Repeat
39,26-35,Male,North,Repeat
40,46-60,Male,North,Repeat
41,46-60,Female,South,Repeat
42,26-35,Male,West,Repeat
43,18-25,Female,North,Repeat
44,46-60,Female,North,Repeat
45,26-35,Male,South,New
46,46-60,Female,West,New
47,36-45,Male,East,New
48,46-60,Female,West,Repeat
49,46-60,Male,West,Repeat
50,46-60,Female,West,New
51,36-45,Female,South,Repeat
52,46-60,Male,West,Repeat
53,26-35,Female,East,Repeat
54,46-60,Female,North,Repeat
55,26-35,Female,West,New
56,46-60,Female,South,New
57,46-60,Female,West,Repeat
58,46-60,Male,West,New
59,18-25,Male,East,Repeat
60,18-25,Female,East,Repeat
61,36-45,Male,South,Repeat
62,26-35,Male,South,Repeat
63,36-45,Female,South,Repeat
64,26-35,Male,South,New
65,36-45,Female,South,Repeat
66,36-45,Male,North,Repeat
67,46-60,Female,North,New
68,46-60,Female,South,Repeat
69,46-60,Female,South,New
70,46-60,Female,North,New
71,46-60,Male,East,Repeat
72,36-45,Male,North,Repeat
73,26-35,Female,South,Repeat
74,18-25,Male,East,Repeat
75,18-25,Female,South,Repeat
76,26-35,Female,West,Repeat
77,18-25,Male,East,New
78,36-45,Female,South,New
79,26-35,Female,North,New
80,26-35,Male,South,New
81,18-25,Female,North,Repeat
82,18-25,Female,East,Repeat
83,36-45,Male,North,New
84,46-60,Male,East,Repeat
85,26-35,Female,South,Repeat
86,46-60,Male,North,New
87,18-25,Male,East,Repeat
88,26-35,Male,East,New
89,46-60,Male,East,Repeat
90,36-45,Male,West,Repeat
91,36-45,Male,East,Repeat
92,36-45,Female,South,Repeat
93,26-35,Female,South,Repeat
94,26-35,Male,South,Repeat
95,26-35,Male,East,New
96,26-35,Male,South,New
97,26-35,Female,East,Repeat
98,46-60,Female,East,New
99,46-60,Female,East,New
100,36-45,Female,West,Repeat
101,46-60,Male,North,Repeat
102,46-60,Male,South,Repeat
103,36-45,Male,West,Repeat
104,36-45,Male,South,Repeat
105,18-25,Male,West,Repeat
106,36-45,Female,North,Repeat
107,46-60,Male,North,Repeat
108,26-35,Female,North,Repeat
109,36-45,Male,North,Repeat
110,18-25,Male,East,Repeat
111,46-60,Female,South,Repeat
112,18-25,Female,South,New
113,18-25,Male,South,New
114,46-60,Female,East,Repeat
115,18-25,Female,South,Repeat
116,46-60,Female,North,Repeat
117,18-25,Male,South,New
118,26-35,Male,South,Repeat
119,36-45,Male,West,Repeat
120,26-35,Female,East,Repeat
121,26-35,Female,North,New
122,18-25,Male,North,New
123,36-45,Male,North,Repeat
124,36-45,Female,South,Repeat
125,36-45,Male,North,Repeat
126,18-25,Male,North,Repeat
127,26-35,Female,West,Repeat
128,46-60,Female,South,Repeat
129,46-60,Male,West,Repeat
130,46-60,Female,East,Repeat
131,36-45,Female,South,New
132,46-60,Male,West,Repeat
133,26-35,Female,East,Repeat
134,46-60,Female,West,New
135,36-45,Male,East,Repeat
136,36-45,Female,North,Repeat
137,46-60,Female,North,Repeat
138,36-45,Male,South,Repeat
139,46-60,Female,West,New
140,36-45,Male,West,Repeat
141,18-25,Male,East,New
142,18-25,Female,South,Repeat
143,26-35,Male,North,New
144,18-25,Male,West,Repeat
145,46-60,Female,East,Repeat
146,36-45,Male,North,New
147,26-35,Male,North,Repeat
148,46-60,Female,North,Repeat
149,46-60,Male,East,New
150,26-35,Male,East,New
151,26-35,Female,North,Repeat
152,46-60,Female,East,New
153,36-45,Male,North,Repeat
154,46-60,Male,North,New
155,36-45,Male,North,Repeat
156,26-35,Female,East,New
157,46-60,Male,South,New
158,18-25,Female,South,New
159,46-60,Male,East,Repeat
160,36-45,Male,West,Repeat
161,46-60,Female,East,New
162,36-45,Male,West,Repeat
163,18-25,Female,North,Repeat
164,26-35,Female,West,New
165,18-25,Male,North,New
166,36-45,Male,South,New
167,26-35,Female,North,New
168,26-35,Female,West,Repeat
169,46-60,Female,South,Repeat
170,18-25,Male,South,Repeat
171,36-45,Male,East,Repeat
172,36-45,Male,West,New
173,26-35,Male,West,New
174,46-60,Female,East,Repeat
175,36-45,Female,East,Repeat
176,46-60,Female,South,New
177,26-35,Male,East,New
178,26-35,Male,South,Repeat
179,26-35,Male,West,Repeat
180,46-60,Female,East,Repeat
181,36-45,Female,West,New
182,18-25,Female,South,New
183,46-60,Female,North,Repeat
184,26-35,Male,North,New
185,18-25,Male,West,Repeat
186,18-25,Male,South,Repeat
187,18-25,Female,South,New
188,18-25,Female,North,Repeat
189,18-25,Female,South,New
190,26-35,Female,South,Repeat
191,36-45,Male,West,Repeat
192,18-25,Male,North,New
193,36-45,Female,South,Repeat
194,36-45,Male,West,New
195,46-60,Female,East,New
196,26-35,Female,North,New
197,18-25,Female,West,New
198,36-45,Female,East,Repeat
199,46-60,Female,South,New
200,36-45,Male,South,Repeat
201,18-25,Male,East,Repeat
202,26-35,Male,West,New
203,26-35,Male,South,New
204,18-25,Male,South,New
205,36-45,Male,West,New
206,46-60,Female,West,New
207,26-35,Female,East,Repeat
208,26-35,Male,South,New
209,36-45,Female,West,Repeat
210,36-45,Female,North,New
211,36-45,Female,East,New
212,46-60,Male,East,New
213,36-45,Male,East,New
214,46-60,Male,East,New
215,18-25,Female,North,Repeat
216,46-60,Male,East,Repeat
217,36-45,Male,East,New
218,46-60,Male,West,Repeat
219,46-60,Female,South,New
220,46-60,Male,East,New
221,26-35,Male,West,Repeat
222,36-45,Male,West,Repeat
223,46-60,Female,South,Repeat
224,36-45,Male,West,New
225,18-25,Male,West,Repeat
226,46-60,Female,East,Repeat
227,46-60,Male,East,Repeat
228,18-25,Male,West,Repeat
229,36-45,Male,North,Repeat
230,18-25,Male,South,Repeat
231,18-25,Female,West,Repeat
232,18-25,Female,West,New
233,18-25,Female,North,Repeat
234,36-45,Male,South,New
235,46-60,Male,West,Repeat
236,18-25,Male,West,Repeat
237,18-25,Male,East,Repeat
238,26-35,Female,West,Repeat
239,36-45,Male,North,Repeat
240,18-25,Female,West,New
241,26-35,Male,South,Repeat
242,18-25,Male,South,Repeat
243,36-45,Female,North,New
244,26-35,Male,West,New
245,26-35,Male,West,Repeat
246,36-45,Male,West,New
247,26-35,Male,West,New
248,26-35,Female,West,New
249,18-25,Male,South,New
250,26-35,Female,East,Repeat
251,46-60,Female,South,Repeat
252,36-45,Male,East,Repeat
253,18-25,Male,South,New
254,26-35,Female,North,Repeat
255,46-60,Female,West,Repeat
256,18-25,Male,East,Repeat
257,36-45,Male,South,Repeat
258,26-35,Female,East,New
259,36-45,Male,West,Repeat
260,36-45,Male,North,Repeat
261,26-35,Female,West,Repeat
262,26-35,Male,South,Repeat
263,18-25,Female,South,New
264,36-45,Male,East,Repeat
265,26-35,Female,North,Repeat
266,36-45,Female,North,New
267,26-35,Female,South,Repeat
268,36-45,Female,East,New
269,18-25,Female,West,New
270,36-45,Male,West,New
271,26-35,Male,South,New
272,46-60,Female,South,New
273,18-25,Female,West,Repeat
274,18-25,Female,West,New
275,46-60,Female,West,Repeat
276,26-35,Female,East,Repeat
277,18-25,Male,North,New
278,46-60,Female,South,Repeat
279,46-60,Male,South,Repeat
280,36-45,Female,East,Repeat
281,36-45,Female,West,Repeat
282,26-35,Male,East,Repeat
283,46-60,Female,West,Repeat
284,36-45,Female,South,New
285,26-35,Male,North,Repeat
286,18-25,Male,East,Repeat
287,36-45,Female,West,Repeat
288,26-35,Male,South,New
289,36-45,Female,North,Repeat
290,18-25,Male,East,New
291,18-25,Female,East,Repeat
292,36-45,Male,South,Repeat
293,18-25,Female,East,Repeat
294,26-35,Male,South,Repeat
295,36-45,Male,East,Repeat
296,36-45,Female,North,Repeat
297,18-25,Female,North,Repeat
298,26-35,Female,East,Repeat
299,36-45,Male,South,Repeat
300,36-45,Female,West,New
301,18-25,Female,East,New
302,18-25,Male,West,Repeat
303,26-35,Male,South,New
304,26-35,Female,West,Repeat
305,18-25,Female,East,New
306,26-35,Male,North,Repeat
307,46-60,Male,South,New
308,46-60,Female,North,Repeat
309,18-25,Male,North,New
310,36-45,Male,North,Repeat
311,18-25,Female,East,Repeat
312,18-25,Female,South,Repeat
313,18-25,Female,West,Repeat
314,36-45,Male,North,Repeat
315,46-60,Female,West,Repeat
316,26-35,Male,South,New
317,46-60,Male,South,New
318,26-35,Male,West,New
319,26-35,Male,West,New
320,18-25,Female,North,Repeat
321,18-25,Male,West,Repeat
322,26-35,Female,West,Repeat
323,36-45,Male,East,Repeat
324,36-45,Male,North,New
325,36-45,Female,North,New
326,36-45,Female,South,Repeat
327,18-25,Female,West,New
328,46-60,Female,East,Repeat
329,46-60,Female,South,New
330,26-35,Female,East,Repeat
331,36-45,Male,North,Repeat
332,18-25,Female,West,Repeat
333,18-25,Male,East,Repeat
334,18-25,Male,South,New
335,26-35,Female,North,New
336,18-25,Male,East,New
337,26-35,Male,East,New
338,26-35,Female,South,Repeat
339,26-35,Female,East,Repeat
340,26-35,Male,North,New
341,18-25,Female,East,Repeat
342,18-25,Female,West,Repeat
343,46-60,Male,West,Repeat
344,18-25,Female,South,Repeat
345,36-45,Female,West,Repeat
346,36-45,Female,West,Repeat
347,26-35,Male,East,Repeat
348,26-35,Male,North,Repeat
349,26-35,Female,North,New
350,46-60,Female,East,New
351,26-35,Female,West,Repeat
352,46-60,Male,East,New
353,26-35,Male,West,Repeat
354,36-45,Female,West,Repeat
355,26-35,Female,West,New
356,18-25,Male,North,New
357,26-35,Female,South,Repeat
358,18-25,Female,North,New
359,18-25,Male,West,New
360,18-25,Female,East,Repeat
361,18-25,Female,East,New
362,46-60,Male,West,Repeat
363,46-60,Female,South,New
364,26-35,Male,North,Repeat
365,26-35,Male,North,Repeat
366,46-60,Male,West,Repeat
367,26-35,Female,West,Repeat
368,26-35,Female,South,Repeat
369,46-60,Female,North,New
370,46-60,Female,South,Repeat
371,26-35,Male,North,New
372,46-60,Male,South,Repeat
373,36-45,Male,South,Repeat
374,18-25,Female,South,Repeat
375,18-25,Male,East,New
376,36-45,Male,East,New
377,36-45,Female,East,Repeat
378,26-35,Female,North,Repeat
379,26-35,Male,South,Repeat
380,18-25,Female,West,Repeat
381,26-35,Female,West,New
382,18-25,Female,North,Repeat
383,26-35,Male,North,New
384,26-35,Male,West,New
385,18-25,Male,South,New
386,36-45,Male,East,Repeat
387,36-45,Male,North,New
388,26-35,Male,North,Repeat
389,36-45,Male,North,New
390,26-35,Male,West,New
391,46-60,Female,East,Repeat
392,46-60,Female,South,New
393,46-60,Male,South,Repeat
394,36-45,Female,West,Repeat
395,36-45,Female,North,New
396,18-25,Male,West,Repeat
397,36-45,Male,West,Repeat
398,26-35,Male,South,Repeat
399,18-25,Female,East,Repeat
400,36-45,Female,South,Repeat
401,18-25,Male,West,New
402,36-45,Male,West,New
403,26-35,Female,North,Repeat
404,46-60,Male,North,New
405,46-60,Male,West,New
406,26-35,Female,South,Repeat
407,18-25,Female,North,Repeat
408,46-60,Male,East,New
409,36-45,Female,East,New
410,36-45,Female,West,Repeat
411,18-25,Male,East,New
412,18-25,Male,East,Repeat
413,26-35,Male,North,Repeat
414,46-60,Male,North,Repeat
415,18-25,Male,South,Repeat
416,46-60,Male,North,New
417,46-60,Male,South,New
418,36-45,Female,North,Repeat
419,18-25,Male,West,Repeat
420,26-35,Female,South,New
421,18-25,Male,West,New
422,46-60,Male,South,Repeat
423,36-45,Male,East,New
424,18-25,Male,South,New
425,18-25,Male,South,Repeat
426,18-25,Male,South,New
427,26-35,Female,South,New
428,26-35,Male,South,Repeat
429,26-35,Male,East,Repeat
430,26-35,Male,South,New
431,36-45,Female,West,Repeat
432,36-45,Female,South,Repeat
433,26-35,Male,South,Repeat
434,46-60,Male,West,New
435,26-35,Male,North,New
436,26-35,Male,North,Repeat
437,46-60,Male,East,Repeat
438,18-25,Female,South,Repeat
439,46-60,Male,South,Repeat
440,46-60,Female,North,Repeat
441,36-45,Female,South,New
442,18-25,Male,East,Repeat
443,46-60,Female,West,Repeat
444,26-35,Male,South,Repeat
445,46-60,Female,West,New
446,36-45,Male,East,Repeat
447,46-60,Male,North,Repeat
448,26-35,Male,East,New
449,18-25,Male,East,Repeat
450,36-45,Female,East,Repeat
451,18-25,Female,East,Repeat
452,36-45,Female,West,New
453,26-35,Male,East,New
454,36-45,Male,East,Repeat
455,18-25,Female,East,Repeat
456,18-25,Male,East,Repeat
457,46-60,Male,West,Repeat
458,18-25,Female,East,New
459,46-60,Male,North,Repeat
460,18-25,Female,East,Repeat
461,46-60,Male,East,Repeat
462,26-35,Male,South,Repeat
463,46-60,Female,South,Repeat
464,18-25,Female,South,Repeat
465,26-35,Female,East,New
466,36-45,Female,North,New
467,18-25,Female,North,New
468,46-60,Male,South,Repeat
469,36-45,Female,South,New
470,46-60,Male,East,Repeat
471,36-45,Male,North,Repeat
472,26-35,Female,North,Repeat
473,18-25,Female,South,New
474,26-35,Male,North,Repeat
475,18-25,Female,South,Repeat
476,36-45,Female,South,Repeat
477,26-35,Male,West,Repeat
478,18-25,Male,West,Repeat
479,36-45,Female,East,Repeat
480,26-35,Male,South,Repeat
481,26-35,Male,East,Repeat
482,26-35,Male,West,Repeat
483,26-35,Male,North,Repeat
484,46-60,Male,West,Repeat
485,36-45,Male,West,Repeat
486,46-60,Male,West,Repeat
487,36-45,Male,North,New
488,36-45,Male,West,Repeat
489,36-45,Male,South,Repeat
490,18-25,Female,South,Repeat
491,36-45,Female,West,New
492,26-35,Female,East,Repeat
493,46-60,Male,East,Repeat
494,26-35,Male,North,Repeat
495,26-35,Male,North,Repeat
496,46-60,Male,South,Repeat
497,26-35,Male,South,Repeat
498,18-25,Female,West,Repeat
499,26-35,Male,East,New
500,26-35,Female,South,Repeat
501,46-60,Female,East,Repeat
502,26-35,Female,North,New
503,46-60,Male,North,Repeat
504,36-45,Female,West,New
505,36-45,Male,West,Repeat
506,18-25,Male,South,Repeat
507,46-60,Female,East,Repeat
508,46-60,Female,South,Repeat
509,46-60,Female,South,Repeat
510,18-25,Male,East,Repeat
511,18-25,Male,South,Repeat
512,26-35,Female,West,Repeat
513,46-60,Male,East,New
514,18-25,Male,East,Repeat
515,36-45,Male,South,New
516,36-45,Female,East,Repeat
517,46-60,Female,West,New
518,36-45,Female,West,New
519,26-35,Male,North,New
520,26-35,Female,North,New
521,46-60,Male,North,Repeat
522,18-25,Male,North,Repeat
523,18-25,Male,South,Repeat
524,18-25,Male,North,New
525,18-25,Female,North,New
526,46-60,Female,North,Repeat
527,26-35,Male,North,New
528,46-60,Female,South,Repeat
529,46-60,Female,North,Repeat
530,36-45,Female,East,Repeat
531,26-35,Female,West,New
532,18-25,Female,East,New
533,26-35,Female,South,Repeat
534,36-45,Female,South,Repeat
535,46-60,Female,South,Repeat
536,26-35,Female,West,Repeat
537,36-45,Female,North,Repeat
538,46-60,Female,South,Repeat
539,18-25,Male,North,New
540,26-35,Male,South,Repeat
541,18-25,Female,West,New
542,18-25,Female,East,Repeat
543,36-45,Female,East,Repeat
544,36-45,Female,West,Repeat
545,46-60,Male,North,New
546,18-25,Male,South,Repeat
547,36-45,Female,East,Repeat
548,36-45,Male,West,Repeat
549,18-25,Female,North,Repeat
550,46-60,Male,East,New
551,18-25,Female,West,Repeat
552,46-60,Male,South,Repeat
553,46-60,Male,West,New
554,36-45,Male,North,New
555,18-25,Female,East,Repeat
556,18-25,Male,South,Repeat
557,36-45,Female,North,New
558,26-35,Male,West,Repeat
559,26-35,Male,East,Repeat
560,18-25,Female,East,Repeat
561,36-45,Female,North,Repeat
562,46-60,Female,South,Repeat
563,46-60,Male,North,New
564,18-25,Female,East,Repeat
565,36-45,Female,East,Repeat
566,18-25,Female,East,Repeat
567,18-25,Male,South,New
568,36-45,Female,East,Repeat
569,18-25,Female,East,Repeat
570,46-60,Male,North,New
571,26-35,Female,East,New
572,46-60,Male,West,New
573,26-35,Female,North,Repeat
574,36-45,Female,East,Repeat
575,18-25,Female,North,New
576,26-35,Female,North,New
577,36-45,Male,West,Repeat
578,36-45,Male,North,New
579,36-45,Male,North,Repeat
580,46-60,Male,South,Repeat
581,46-60,Male,East,Repeat
582,26-35,Male,South,Repeat
583,26-35,Female,East,New
584,46-60,Female,North,New
585,26-35,Female,East,Repeat
586,26-35,Male,North,Repeat
587,18-25,Female,East,Repeat
588,26-35,Male,North,New
589,36-45,Male,East,Repeat
590,18-25,Female,East,Repeat
591,26-35,Female,East,Repeat
592,18-25,Male,North,Repeat
593,36-45,Male,East,New
594,26-35,Male,North,Repeat
595,18-25,Female,South,Repeat
596,26-35,Male,East,Repeat
597,18-25,Male,West,Repeat
598,18-25,Female,West,Repeat
599,36-45,Male,North,Repeat
600,36-45,Female,West,Repeat
601,26-35,Male,North,New
602,46-60,Female,North,Repeat
603,26-35,Male,West,Repeat
604,18-25,Female,West,New
605,36-45,Male,South,Repeat
606,36-45,Male,North,New
607,18-25,Female,West,New
608,46-60,Female,South,Repeat
609,36-45,Male,South,Repeat
610,46-60,Male,North,Repeat
611,36-45,Male,East,New
612,18-25,Male,West,New
613,26-35,Male,West,Repeat
614,26-35,Male,West,Repeat
615,46-60,Male,West,New
616,26-35,Female,West,Repeat
617,18-25,Male,West,Repeat
618,26-35,Female,South,Repeat
619,46-60,Male,North,Repeat
620,18-25,Male,South,New
621,18-25,Female,West,Repeat
622,36-45,Male,North,Repeat
623,36-45,Female,West,New
624,26-35,Male,North,Repeat
625,46-60,Male,South,New
626,18-25,Male,North,Repeat
627,26-35,Male,South,New
628,26-35,Female,West,Repeat
629,36-45,Female,North,Repeat
630,26-35,Female,East,New
631,26-35,Male,East,Repeat
632,36-45,Female,South,Repeat
633,26-35,Male,South,Repeat
634,26-35,Female,South,Repeat
635,18-25,Male,South,New
636,26-35,Female,West,New
637,36-45,Female,East,New
638,36-45,Female,South,Repeat
639,18-25,Female,North,New
640,36-45,Male,North,Repeat
641,36-45,Female,West,New
642,36-45,Female,South,Repeat
643,26-35,Female,North,New
644,18-25,Female,South,New
645,46-60,Male,North,New
646,18-25,Male,West,Repeat
647,18-25,Male,North,Repeat
648,18-25,Female,South,New
649,46-60,Female,South,Repeat
650,46-60,Male,West,Repeat
651,36-45,Male,East,Repeat
652,26-35,Male,South,Repeat
653,36-45,Male,East,New
654,36-45,Male,South,New
655,46-60,Female,West,New
656,36-45,Female,North,Repeat
657,36-45,Male,East,Repeat
658,46-60,Female,North,Repeat
659,18-25,Female,West,New
660,18-25,Male,West,New
661,46-60,Male,West,Repeat
662,26-35,Male,South,Repeat
663,36-45,Male,South,Repeat
664,18-25,Female,South,New
665,46-60,Female,South,Repeat
666,26-35,Female,East,New
667,36-45,Female,West,Repeat
668,46-60,Male,East,New
669,46-60,Female,South,Repeat
670,46-60,Male,North,Repeat
671,36-45,Female,East,Repeat
672,18-25,Female,North,Repeat
673,36-45,Male,South,Repeat
674,36-45,Male,East,Repeat
675,18-25,Male,East,Repeat
676,46-60,Female,East,New
677,26-35,Male,North,New
678,26-35,Female,South,Repeat
679,18-25,Female,West,Repeat
680,18-25,Male,West,New
681,46-60,Female,South,New
682,26-35,Male,East,New
683,26-35,Male,West,Repeat
684,46-60,Female,East,New
685,18-25,Female,South,New
686,18-25,Female,North,New
687,46-60,Male,East,New
688,18-25,Male,North,Repeat
689,36-45,Male,North,Repeat
690,18-25,Female,South,New
691,36-45,Male,South,New
692,26-35,Female,North,Repeat
693,26-35,Male,North,Repeat
694,18-25,Male,West,New
695,46-60,Female,West,New
696,18-25,Female,South,Repeat
697,46-60,Female,East,Repeat
698,26-35,Male,North,Repeat
699,26-35,Female,East,New
700,26-35,Female,North,Repeat
701,46-60,Female,South,Repeat
702,46-60,Female,East,Repeat
703,26-35,Male,South,Repeat
704,18-25,Male,North,New
705,46-60,Female,South,Repeat
706,36-45,Female,East,New
707,26-35,Male,West,Repeat
708,46-60,Female,South,Repeat
709,26-35,Female,East,Repeat
710,36-45,Female,South,New
711,18-25,Male,South,New
712,36-45,Male,West,New
713,18-25,Male,East,New
714,18-25,Female,East,New
715,46-60,Female,East,Repeat
716,18-25,Female,North,Repeat
717,18-25,Male,South,Repeat
718,18-25,Male,West,Repeat
719,26-35,Female,East,Repeat
720,46-60,Female,West,Repeat
721,46-60,Female,North,New
722,18-25,Female,North,New
723,26-35,Female,West,Repeat
724,18-25,Male,East,Repeat
725,46-60,Male,West,Repeat
726,46-60,Male,East,Repeat
727,46-60,Male,East,Repeat
728,46-60,Female,North,Repeat
729,26-35,Male,West,Repeat
730,36-45,Male,North,Repeat
731,36-45,Female,South,New
732,26-35,Male,North,New
733,18-25,Female,East,Repeat
734,46-60,Male,West,Repeat
735,46-60,Female,South,Repeat
736,46-60,Female,South,New
737,26-35,Female,South,Repeat
738,26-35,Male,South,New
739,46-60,Male,West,Repeat
740,46-60,Female,East,Repeat
741,18-25,Male,South,New
742,36-45,Female,East,New
743,26-35,Female,North,New
744,36-45,Female,East,New
745,46-60,Female,South,Repeat
746,36-45,Female,North,New
747,36-45,Female,North,Repeat
748,26-35,Female,North,New
749,26-35,Male,South,New
750,18-25,Male,East,Repeat
751,46-60,Male,West,Repeat
752,18-25,Male,East,Repeat
753,26-35,Male,South,New
754,18-25,Male,South,New
755,36-45,Female,North,New
756,36-45,Male,East,Repeat
757,26-35,Female,South,New
758,36-45,Male,South,Repeat
759,46-60,Female,West,Repeat
760,26-35,Male,East,New
761,46-60,Male,North,Repeat
762,26-35,Male,North,New
763,26-35,Male,North,Repeat
764,36-45,Male,East,Repeat
765,26-35,Female,South,New
766,26-35,Female,South,Repeat
767,18-25,Male,West,Repeat
768,36-45,Female,West,New
769,46-60,Female,South,Repeat
770,26-35,Female,South,Repeat
771,46-60,Female,East,Repeat
772,18-25,Male,West,New
773,26-35,Male,North,Repeat
774,46-60,Female,North,New
775,36-45,Male,North,Repeat
776,18-25,Male,North,Repeat
777,18-25,Male,South,New
778,46-60,Male,South,Repeat
779,26-35,Female,East,Repeat
780,26-35,Female,North,Repeat
781,36-45,Female,South,Repeat
782,36-45,Male,South,New
783,26-35,Female,South,Repeat
784,18-25,Female,North,New
785,36-45,Female,South,Repeat
786,36-45,Female,West,Repeat
787,18-25,Male,North,Repeat
788,26-35,Female,North,New
789,46-60,Male,West,Repeat
790,36-45,Male,East,Repeat
791,18-25,Female,East,New
792,36-45,Male,North,Repeat
793,18-25,Male,North,New
794,36-45,Female,North,New
795,26-35,Female,West,New
796,18-25,Female,South,New
797,46-60,Female,West,Repeat
798,46-60,Female,South,Repeat
799,36-45,Male,South,Repeat
800,46-60,Female,East,New
801,36-45,Male,West,New
802,18-25,Male,West,Repeat
803,18-25,Female,North,New
804,46-60,Male,West,Repeat
805,46-60,Male,South,Repeat
806,26-35,Female,South,Repeat
807,18-25,Female,West,Repeat
808,46-60,Male,East,Repeat
809,46-60,Male,East,Repeat
810,46-60,Male,North,Repeat
811,36-45,Male,North,Repeat
812,26-35,Male,South,Repeat
813,18-25,Female,West,Repeat
814,46-60,Female,South,Repeat
815,46-60,Female,South,Repeat
816,46-60,Female,West,Repeat
817,36-45,Male,South,Repeat
818,18-25,Female,South,Repeat
819,46-60,Female,East,Repeat
820,46-60,Male,North,New
821,36-45,Male,East,Repeat
822,36-45,Male,North,New
823,26-35,Female,North,Repeat
824,26-35,Female,North,Repeat
825,18-25,Male,East,Repeat
826,26-35,Male,West,New
827,18-25,Female,South,New
828,26-35,Male,West,Repeat
829,46-60,Male,West,New
830,26-35,Male,North,New
831,46-60,Female,North,Repeat
832,18-25,Female,East,Repeat
833,26-35,Female,East,Repeat
834,26-35,Male,South,Repeat
835,26-35,Male,West,Repeat
836,46-60,Female,West,Repeat
837,46-60,Male,South,Repeat
838,26-35,Male,North,New
839,18-25,Female,East,Repeat
840,46-60,Male,South,Repeat
841,36-45,Male,West,Repeat
842,18-25,Male,South,New
843,18-25,Male,South,Repeat
844,18-25,Female,West,Repeat
845,46-60,Male,West,Repeat
846,26-35,Female,East,Repeat
847,26-35,Female,East,Repeat
848,36-45,Female,West,New
849,26-35,Female,East,Repeat
850,36-45,Male,East,New
851,36-45,Male,East,Repeat
852,26-35,Female,West,Repeat
853,36-45,Female,North,Repeat
854,18-25,Female,North,New
855,18-25,Female,East,New
856,18-25,Male,North,Repeat
857,46-60,Female,East,New
858,36-45,Female,North,New
859,36-45,Male,North,Repeat
860,18-25,Female,South,Repeat
861,46-60,Male,East,Repeat
862,26-35,Male,North,Repeat
863,18-25,Male,North,New
864,46-60,Female,South,New
865,26-35,Male,North,Repeat
866,46-60,Male,South,Repeat
867,26-35,Female,North,New
868,36-45,Female,South,Repeat
869,36-45,Female,South,Repeat
870,46-60,Female,West,Repeat
871,46-60,Male,East,New
872,26-35,Female,West,Repeat
873,46-60,Male,East,Repeat
874,46-60,Male,North,New
875,26-35,Female,East,New
876,26-35,Female,West,New
877,36-45,Female,East,Repeat
878,18-25,Female,West,Repeat
879,46-60,Male,East,New
880,26-35,Female,North,Repeat
881,36-45,Male,North,Repeat
882,18-25,Male,East,New
883,46-60,Female,East,Repeat
884,36-45,Female,North,New
885,18-25,Female,East,New
886,46-60,Male,South,Repeat
887,36-45,Male,North,New
888,46-60,Male,North,Repeat
889,18-25,Female,West,Repeat
890,26-35,Female,West,New
891,36-45,Female,South,New
892,18-25,Female,East,Repeat
893,46-60,Female,South,New
894,18-25,Female,East,New
895,18-25,Female,West,Repeat
896,26-35,Male,East,Repeat
897,36-45,Male,West,New
898,18-25,Male,North,Repeat
899,26-35,Male,North,Repeat
900,26-35,Female,East,Repeat
901,26-35,Female,West,Repeat
902,46-60,Female,South,New
903,26-35,Male,West,New
904,26-35,Female,West,New
905,26-35,Male,West,New
906,26-35,Male,North,Repeat
907,36-45,Male,West,Repeat
908,36-45,Female,East,Repeat
909,26-35,Female,North,Repeat
910,18-25,Male,North,Repeat
911,46-60,Male,North,Repeat
912,18-25,Female,West,Repeat
913,18-25,Male,South,New
914,26-35,Female,West,New
915,18-25,Male,West,New
916,36-45,Female,South,New
917,36-45,Male,West,New
918,46-60,Female,East,Repeat
919,36-45,Male,South,Repeat
920,36-45,Female,East,Repeat
921,26-35,Male,East,Repeat
922,36-45,Female,North,Repeat
923,18-25,Male,North,New
924,18-25,Male,South,Repeat
925,36-45,Male,West,New
926,46-60,Male,East,Repeat
927,46-60,Male,West,New
928,46-60,Male,East,Repeat
929,36-45,Female,North,Repeat
930,46-60,Female,North,Repeat
931,36-45,Male,North,New
932,18-25,Female,South,Repeat
933,46-60,Male,East,Repeat
934,46-60,Male,West,New
935,46-60,Female,East,Repeat
936,18-25,Male,West,Repeat
937,36-45,Male,West,Repeat
938,18-25,Female,West,New
939,18-25,Male,East,Repeat
940,26-35,Male,North,New
941,46-60,Female,South,New
942,36-45,Female,South,New
943,36-45,Male,North,New
944,26-35,Male,South,Repeat
945,26-35,Male,West,New
946,18-25,Male,South,Repeat
947,26-35,Male,East,Repeat
948,36-45,Male,North,Repeat
949,36-45,Male,North,New
950,36-45,Female,North,Repeat
951,18-25,Male,North,Repeat
952,46-60,Male,East,New
953,46-60,Female,West,Repeat
954,18-25,Male,West,New
955,36-45,Male,West,New
956,36-45,Female,South,Repeat
957,18-25,Male,West,New
958,18-25,Female,South,Repeat
959,26-35,Female,East,New
960,18-25,Female,South,Repeat
961,46-60,Female,West,New
962,18-25,Female,North,New
963,36-45,Female,East,Repeat
964,36-45,Female,West,Repeat
965,36-45,Male,West,Repeat
966,46-60,Female,West,Repeat
967,46-60,Female,East,New
968,26-35,Male,North,Repeat
969,18-25,Male,North,Repeat
970,26-35,Female,North,Repeat
971,18-25,Female,West,New
972,18-25,Female,South,Repeat
973,46-60,Female,West,Repeat
974,36-45,Male,North,Repeat
975,18-25,Male,East,New
976,46-60,Female,South,Repeat
977,26-35,Male,South,Repeat
978,36-45,Male,West,New
979,26-35,Male,East,Repeat
980,26-35,Male,South,Repeat
981,46-60,Female,North,New
982,36-45,Male,West,New
983,18-25,Male,West,New
984,26-35,Female,North,New
985,18-25,Male,North,New
986,36-45,Female,North,New
987,46-60,Female,South,New
988,46-60,Male,East,Repeat
989,46-60,Male,South,Repeat
990,18-25,Female,East,Repeat
991,18-25,Male,West,Repeat
992,36-45,Female,East,New
993,18-25,Female,North,Repeat
994,46-60,Male,South,New
995,26-35,Female,North,Repeat
996,26-35,Female,West,New
997,26-35,Male,South,New
998,46-60,Male,South,New
999,18-25,Female,North,Repeat
1000,26-35,Male,South,New
1001,18-25,Female,North,New
1002,18-25,Male,East,New
1003,46-60,Female,West,Repeat
1004,18-25,Male,North,Repeat
1005,18-25,Male,West,Repeat
1006,46-60,Male,South,Repeat
1007,36-45,Male,West,Repeat
1008,26-35,Male,West,New
1009,26-35,Female,West,New
1010,18-25,Female,South,Repeat
1011,36-45,Male,East,Repeat
1012,46-60,Female,East,Repeat
1013,18-25,Male,East,Repeat
1014,46-60,Female,North,Repeat
1015,26-35,Female,North,Repeat
1016,46-60,Female,South,Repeat
1017,26-35,Male,East,New
1018,46-60,Male,West,New
1019,46-60,Female,East,Repeat
1020,36-45,Female,North,New
1021,46-60,Female,South,New
1022,18-25,Female,East,Repeat
1023,36-45,Male,North,Repeat
1024,18-25,Male,North,Repeat
1025,46-60,Female,West,Repeat
1026,46-60,Male,East,New
1027,36-45,Female,West,Repeat
1028,26-35,Male,East,Repeat
1029,36-45,Female,South,Repeat
1030,26-35,Male,East,Repeat
1031,26-35,Female,West,New
1032,46-60,Male,West,New
1033,18-25,Female,North,Repeat
1034,36-45,Male,East,Repeat
1035,36-45,Female,East,New
1036,46-60,Female,South,Repeat
1037,46-60,Male,North,Repeat
1038,36-45,Male,West,Repeat
1039,36-45,Male,East,Repeat
1040,18-25,Female,North,Repeat
1041,46-60,Female,South,Repeat
1042,18-25,Female,North,Repeat
1043,46-60,Male,East,New
1044,46-60,Female,East,New
1045,18-25,Male,South,New
1046,26-35,Female,South,Repeat
1047,26-35,Female,South,Repeat
1048,26-35,Female,West,Repeat
1049,46-60,Male,North,New
1050,18-25,Female,North,New
1051,26-35,Female,North,New
1052,36-45,Male,West,New
1053,26-35,Female,North,New
1054,18-25,Male,South,New
1055,46-60,Female,North,New
1056,18-25,Female,West,Repeat
1057,46-60,Male,West,New
1058,18-25,Female,North,Repeat
1059,18-25,Male,West,Repeat
1060,36-45,Male,West,New
1061,26-35,Female,North,Repeat
1062,26-35,Female,West,New
1063,18-25,Female,West,New
1064,26-35,Female,North,Repeat
1065,36-45,Female,South,Repeat
1066,18-25,Male,South,Repeat
1067,26-35,Male,West,Repeat
1068,26-35,Male,East,Repeat
1069,46-60,Male,East,New
1070,26-35,Male,North,Repeat
1071,26-35,Female,North,Repeat
1072,46-60,Male,South,New
1073,18-25,Male,East,Repeat
1074,18-25,Female,North,New
1075,36-45,Female,East,Repeat
1076,46-60,Female,East,Repeat
1077,18-25,Female,West,New
1078,26-35,Male,West,Repeat
1079,26-35,Female,East,Repeat
1080,26-35,Male,South,Repeat
1081,36-45,Female,North,New
1082,18-25,Female,North,New
1083,46-60,Male,South,Repeat
1084,18-25,Male,West,New
1085,46-60,Female,West,Repeat
1086,46-60,Male,South,Repeat
1087,18-25,Female,South,New
1088,26-35,Female,West,New
1089,26-35,Male,East,Repeat
1090,46-60,Male,West,New
1091,26-35,Male,East,Repeat
1092,36-45,Female,North,New
1093,36-45,Male,North,New
1094,46-60,Male,East,Repeat
1095,26-35,Female,East,Repeat
1096,46-60,Male,West,Repeat
1097,36-45,Male,South,New
1098,36-45,Male,East,Repeat
1099,36-45,Male,North,Repeat
1100,18-25,Female,West,Repeat
1101,36-45,Male,North,Repeat
1102,26-35,Female,West,New
1103,18-25,Female,South,Repeat
1104,36-45,Male,South,Repeat
1105,26-35,Female,North,Repeat
1106,36-45,Male,East,Repeat
1107,26-35,Female,East,Repeat
1108,26-35,Male,North,New
1109,36-45,Female,East,Repeat
1110,36-45,Female,East,New
1111,18-25,Female,North,Repeat
1112,36-45,Female,North,New
1113,26-35,Female,South,Repeat
1114,46-60,Female,North,Repeat
1115,18-25,Male,South,New
1116,26-35,Female,South,Repeat
1117,26-35,Male,West,Repeat
1118,46-60,Female,East,New
1119,36-45,Male,North,New
1120,26-35,Female,East,New
1121,46-60,Female,West,New
1122,46-60,Female,North,Repeat
1123,36-45,Female,North,Repeat
1124,46-60,Female,West,Repeat
1125,46-60,Female,East,Repeat
1126,46-60,Female,South,Repeat
1127,46-60,Female,West,Repeat
1128,46-60,Male,West,Repeat
1129,46-60,Male,North,New
1130,26-35,Female,South,New
1131,18-25,Male,West,New
1132,36-45,Female,East,Repeat
1133,18-25,Male,West,New
1134,36-45,Female,East,New
1135,18-25,Male,North,Repeat
1136,36-45,Male,West,Repeat
1137,46-60,Female,East,Repeat
1138,18-25,Male,North,Repeat
1139,18-25,Female,North,New
1140,36-45,Female,North,Repeat
1141,36-45,Male,West,New
1142,26-35,Female,North,Repeat
1143,46-60,Male,North,Repeat
1144,46-60,Male,East,Repeat
1145,26-35,Male,North,Repeat
1146,36-45,Male,West,Repeat
1147,46-60,Male,South,Repeat
1148,36-45,Male,North,Repeat
1149,46-60,Female,West,Repeat
1150,18-25,Male,North,Repeat
1151,18-25,Male,West,Repeat
1152,46-60,Male,North,New
1153,46-60,Female,East,Repeat
1154,46-60,Female,South,Repeat
1155,26-35,Female,South,Repeat
1156,46-60,Male,West,Repeat
1157,26-35,Male,West,New
1158,26-35,Male,South,New
1159,18-25,Female,East,New
1160,46-60,Female,East,Repeat
1161,18-25,Female,North,New
1162,18-25,Male,East,Repeat
1163,26-35,Male,South,New
1164,36-45,Female,South,New
1165,26-35,Male,East,New
1166,18-25,Female,East,New
1167,26-35,Female,South,New
1168,26-35,Female,South,Repeat
1169,26-35,Male,South,New
1170,46-60,Female,South,New
1171,26-35,Female,South,Repeat
1172,18-25,Male,East,New
1173,26-35,Male,East,Repeat
1174,46-60,Female,North,Repeat
1175,18-25,Male,North,Repeat
1176,26-35,Male,West,Repeat
1177,18-25,Male,North,New
1178,46-60,Male,East,Repeat
1179,36-45,Female,North,Repeat
1180,46-60,Male,North,New
1181,46-60,Female,East,New
1182,18-25,Male,South,Repeat
1183,18-25,Male,East,New
1184,36-45,Female,East,Repeat
1185,36-45,Male,West,Repeat
1186,36-45,Male,West,New
1187,46-60,Female,West,New
1188,46-60,Female,South,New
1189,36-45,Female,North,Repeat
1190,36-45,Male,West,New
1191,36-45,Male,East,Repeat
1192,26-35,Male,West,Repeat
1193,26-35,Female,East,Repeat
1194,36-45,Male,South,New
1195,46-60,Female,West,Repeat
1196,18-25,Female,East,New
1197,46-60,Female,North,New
1198,18-25,Female,South,New
1199,36-45,Female,East,Repeat
1200,26-35,Male,North,Repeat
1201,26-35,Female,North,New
1202,18-25,Female,East,Repeat
1203,36-45,Female,West,New
1204,26-35,Female,North,Repeat
1205,36-45,Male,South,New
1206,36-45,Male,North,Repeat
1207,18-25,Male,West,Repeat
1208,36-45,Female,South,Repeat
1209,36-45,Male,South,New
1210,18-25,Male,South,Repeat
1211,26-35,Female,East,Repeat
1212,46-60,Female,North,New
1213,36-45,Female,West,New
1214,18-25,Female,East,Repeat
1215,26-35,Female,East,Repeat
1216,36-45,Male,South,New
1217,46-60,Male,East,Repeat
1218,26-35,Male,North,Repeat
1219,18-25,Male,East,Repeat
1220,36-45,Male,East,Repeat
1221,18-25,Female,South,Repeat
1222,46-60,Male,South,New
1223,46-60,Male,East,Repeat
1224,18-25,Male,South,Repeat
1225,36-45,Male,West,Repeat
1226,18-25,Male,West,New
1227,26-35,Female,West,Repeat
1228,18-25,Female,East,Repeat
1229,46-60,Male,North,New
1230,36-45,Female,North,Repeat
1231,36-45,Male,South,New
1232,46-60,Male,North,Repeat
1233,46-60,Female,North,Repeat
1234,26-35,Female,East,Repeat
1235,46-60,Female,South,Repeat
1236,46-60,Male,North,New
1237,46-60,Male,West,New
1238,36-45,Male,South,Repeat
1239,46-60,Female,South,Repeat
1240,18-25,Female,South,Repeat
1241,18-25,Male,West,New
1242,36-45,Female,North,Repeat
1243,26-35,Female,West,Repeat
1244,26-35,Male,South,New
1245,36-45,Female,South,New
1246,18-25,Female,East,Repeat
1247,36-45,Male,East,Repeat
1248,46-60,Male,East,Repeat
1249,36-45,Male,East,Repeat
1250,26-35,Female,South,New
1251,18-25,Male,West,Repeat
1252,26-35,Female,East,New
1253,26-35,Male,West,Repeat
1254,18-25,Male,East,New
1255,46-60,Male,North,Repeat
1256,18-25,Female,East,Repeat
1257,18-25,Male,West,New
1258,36-45,Male,East,New
1259,18-25,Female,North,Repeat
1260,36-45,Female,West,Repeat
1261,26-35,Male,West,Repeat
1262,18-25,Male,West,Repeat
1263,46-60,Male,South,New
1264,36-45,Female,West,New
1265,36-45,Female,South,Repeat
1266,46-60,Male,North,Repeat
1267,36-45,Male,West,Repeat
1268,36-45,Male,West,Repeat
1269,46-60,Male,West,Repeat
1270,26-35,Female,North,New
1271,18-25,Female,South,New
1272,18-25,Female,East,New
1273,18-25,Male,North,New
1274,18-25,Male,North,Repeat
1275,18-25,Female,North,Repeat
1276,18-25,Male,South,Repeat
1277,36-45,Female,South,Repeat
1278,18-25,Male,South,Repeat
1279,36-45,Male,South,Repeat
1280,46-60,Male,South,Repeat
1281,26-35,Female,West,New
1282,36-45,Male,East,Repeat
1283,26-35,Male,East,New
1284,46-60,Female,South,Repeat
1285,18-25,Male,South,New
1286,26-35,Male,West,Repeat
1287,26-35,Female,South,New
1288,46-60,Male,West,Repeat
1289,46-60,Female,West,Repeat
1290,46-60,Male,North,Repeat
1291,36-45,Male,North,Repeat
1292,36-45,Female,South,Repeat
1293,26-35,Male,West,Repeat
1294,46-60,Female,South,New
1295,26-35,Male,North,New
1296,18-25,Female,North,New
1297,46-60,Male,North,Repeat
1298,36-45,Male,North,Repeat
1299,46-60,Male,North,New
1300,26-35,Male,South,Repeat
1301,36-45,Male,South,Repeat
1302,18-25,Female,North,New
1303,18-25,Male,South,Repeat
1304,26-35,Female,North,New
1305,46-60,Female,North,Repeat
1306,18-25,Male,North,Repeat
1307,26-35,Male,South,New
1308,36-45,Male,South,Repeat
1309,36-45,Female,West,New
1310,26-35,Male,South,New
1311,46-60,Male,South,Repeat
1312,46-60,Male,East,New
1313,46-60,Male,North,New
1314,46-60,Male,North,New
1315,26-35,Male,South,Repeat
1316,26-35,Female,South,New
1317,36-45,Male,West,Repeat
1318,36-45,Female,East,New
1319,46-60,Female,North,New
1320,18-25,Male,North,Repeat
1321,18-25,Male,South,New
1322,36-45,Female,South,Repeat
1323,36-45,Male,East,Repeat
1324,26-35,Male,North,Repeat
1325,36-45,Male,East,New
1326,36-45,Male,North,Repeat
1327,46-60,Female,South,New
1328,18-25,Female,East,Repeat
1329,18-25,Female,West,Repeat
1330,26-35,Male,South,Repeat
1331,18-25,Female,West,New
1332,46-60,Female,West,New
1333,46-60,Female,West,Repeat
1334,26-35,Male,North,New
1335,36-45,Male,West,Repeat
1336,36-45,Male,North,New
1337,46-60,Male,East,Repeat
1338,26-35,Male,South,Repeat
1339,46-60,Female,North,New
1340,18-25,Female,North,Repeat
1341,18-25,Male,East,New
1342,46-60,Male,East,New
1343,36-45,Female,South,New
1344,18-25,Female,East,New
1345,26-35,Male,North,New
1346,36-45,Male,South,Repeat
1347,18-25,Male,South,Repeat
1348,46-60,Female,South,New
1349,36-45,Female,West,Repeat
1350,36-45,Male,West,Repeat
1351,18-25,Male,North,Repeat
1352,26-35,Female,West,Repeat
1353,18-25,Female,East,New
1354,18-25,Female,South,Repeat
1355,18-25,Male,North,Repeat
1356,18-25,Male,East,New
1357,18-25,Male,South,Repeat
1358,46-60,Male,East,New
1359,18-25,Female,West,Repeat
1360,26-35,Female,East,New
1361,36-45,Male,West,Repeat
1362,46-60,Male,East,Repeat
1363,26-35,Male,North,New
1364,18-25,Male,West,New
1365,26-35,Male,West,Repeat
1366,36-45,Male,South,Repeat
1367,26-35,Male,West,Repeat
1368,18-25,Male,South,Repeat
1369,36-45,Male,West,Repeat
1370,18-25,Male,West,New
1371,18-25,Female,West,Repeat
1372,46-60,Female,West,New
1373,36-45,Female,South,New
1374,36-45,Female,North,Repeat
1375,18-25,Male,East,Repeat
1376,26-35,Female,West,New
1377,36-45,Female,West,Repeat
1378,26-35,Female,North,Repeat
1379,26-35,Female,South,New
1380,36-45,Female,East,Repeat
1381,26-35,Male,North,Repeat
1382,36-45,Female,North,Repeat
1383,46-60,Female,North,Repeat
1384,36-45,Male,North,New
1385,36-45,Female,West,Repeat
1386,36-45,Male,East,Repeat
1387,46-60,Female,West,Repeat
1388,26-35,Male,North,New
1389,46-60,Male,East,Repeat
1390,26-35,Male,North,Repeat
1391,36-45,Female,South,Repeat
1392,36-45,Female,North,New
1393,46-60,Male,North,Repeat
1394,46-60,Male,South,Repeat
1395,46-60,Male,West,Repeat
1396,46-60,Male,East,New
1397,36-45,Male,North,Repeat
1398,36-45,Male,North,Repeat
1399,18-25,Male,South,New
1400,46-60,Male,East,New
1401,46-60,Male,South,New
1402,26-35,Male,North,New
1403,26-35,Female,West,Repeat
1404,36-45,Male,West,New
1405,18-25,Female,East,New
1406,46-60,Male,North,Repeat
1407,18-25,Female,South,Repeat
1408,18-25,Male,North,New
1409,36-45,Female,South,Repeat
1410,18-25,Male,South,New
1411,46-60,Male,East,New
1412,36-45,Male,South,Repeat
1413,18-25,Female,East,Repeat
1414,36-45,Male,West,Repeat
1415,36-45,Male,East,Repeat
1416,26-35,Male,East,Repeat
1417,36-45,Female,East,Repeat
1418,18-25,Female,West,Repeat
1419,26-35,Male,East,Repeat
1420,46-60,Male,South,Repeat
1421,46-60,Female,South,New
1422,46-60,Female,East,New
1423,46-60,Male,South,New
1424,46-60,Male,East,Repeat
1425,18-25,Male,West,Repeat
1426,36-45,Female,South,Repeat
1427,26-35,Female,East,New
1428,36-45,Male,North,Repeat
1429,36-45,Female,West,New
1430,18-25,Female,North,Repeat
1431,18-25,Male,East,Repeat
1432,18-25,Male,South,Repeat
1433,26-35,Male,East,New
1434,18-25,Female,South,New
1435,36-45,Female,East,New
1436,26-35,Male,East,New
1437,18-25,Female,South,Repeat
1438,18-25,Female,South,New
1439,18-25,Female,East,Repeat
1440,36-45,Female,North,Repeat
1441,18-25,Male,West,Repeat
1442,36-45,Female,North,New
1443,26-35,Male,North,Repeat
1444,18-25,Female,North,Repeat
1445,46-60,Male,North,Repeat
1446,46-60,Female,South,New
1447,36-45,Male,North,Repeat
1448,18-25,Male,West,New
1449,18-25,Female,South,Repeat
1450,46-60,Female,North,Repeat
1451,26-35,Male,South,New
1452,26-35,Female,North,New
1453,36-45,Male,North,Repeat
1454,46-60,Male,West,New
1455,36-45,Male,South,Repeat
1456,36-45,Male,South,Repeat
1457,26-35,Female,East,New
1458,46-60,Female,North,New
1459,36-45,Female,North,New
1460,26-35,Female,West,Repeat
1461,26-35,Female,West,Repeat
1462,18-25,Male,South,Repeat
1463,46-60,Female,West,Repeat
1464,46-60,Female,South,Repeat
1465,18-25,Female,North,New
1466,36-45,Male,North,Repeat
1467,26-35,Female,South,New
1468,26-35,Female,West,New
1469,26-35,Female,West,Repeat
1470,18-25,Female,South,Repeat
1471,26-35,Female,North,New
1472,36-45,Male,South,Repeat
1473,36-45,Female,West,Repeat
1474,18-25,Female,South,Repeat
1475,36-45,Female,North,New
1476,46-60,Male,East,New
1477,46-60,Female,South,Repeat
1478,26-35,Female,East,Repeat
1479,26-35,Male,South,Repeat
1480,46-60,Female,West,Repeat
1481,36-45,Male,West,Repeat
1482,18-25,Female,East,Repeat
1483,26-35,Male,South,Repeat
1484,26-35,Male,West,Repeat
1485,46-60,Male,East,Repeat
1486,46-60,Male,East,New
1487,18-25,Female,South,Repeat
1488,26-35,Male,West,Repeat
1489,36-45,Male,East,New
1490,36-45,Female,North,Repeat
1491,46-60,Female,North,New
1492,18-25,Male,West,New
1493,46-60,Male,West,Repeat
1494,18-25,Female,North,New
1495,36-45,Male,East,Repeat
1496,18-25,Female,South,New
1497,36-45,Female,East,Repeat
1498,18-25,Male,West,New
1499,46-60,Female,West,Repeat
1500,36-45,Female,South,Repeat
1501,26-35,Male,East,New
1502,26-35,Female,South,New
1503,36-45,Female,East,Repeat
1504,26-35,Male,East,New
1505,36-45,Female,North,New
1506,46-60,Female,East,New
1507,46-60,Male,West,Repeat
1508,18-25,Female,West,Repeat
1509,26-35,Female,West,Repeat
1510,26-35,Female,North,Repeat
1511,26-35,Female,South,New
1512,36-45,Male,West,Repeat
1513,46-60,Female,West,New
1514,26-35,Male,South,Repeat
1515,18-25,Female,North,New
1516,26-35,Male,East,Repeat
1517,18-25,Female,South,Repeat
1518,26-35,Male,East,New
1519,26-35,Male,East,Repeat
1520,46-60,Female,East,New
1521,18-25,Female,South,Repeat
1522,26-35,Male,South,Repeat
1523,18-25,Male,East,New
1524,18-25,Male,North,New
1525,46-60,Male,North,Repeat
1526,46-60,Male,North,Repeat
1527,18-25,Male,West,Repeat
1528,46-60,Female,East,Repeat
1529,26-35,Female,West,New
1530,26-35,Male,North,Repeat
1531,46-60,Male,South,Repeat
1532,18-25,Female,North,New
1533,26-35,Male,West,New
1534,36-45,Male,West,Repeat
1535,18-25,Female,North,Repeat
1536,18-25,Female,East,New
1537,36-45,Male,South,Repeat
1538,36-45,Female,South,Repeat
1539,18-25,Male,North,New
1540,36-45,Female,East,Repeat
1541,46-60,Male,East,New
1542,46-60,Male,North,New
1543,18-25,Male,South,Repeat
1544,46-60,Male,South,Repeat
1545,26-35,Female,South,Repeat
1546,46-60,Female,East,Repeat
1547,46-60,Female,North,New
1548,36-45,Male,East,Repeat
1549,46-60,Female,South,Repeat
1550,18-25,Male,East,New
1551,46-60,Male,South,Repeat
1552,46-60,Female,North,Repeat
1553,18-25,Female,South,Repeat
1554,18-25,Male,West,Repeat
1555,36-45,Male,West,Repeat
1556,26-35,Female,North,Repeat
1557,46-60,Female,East,New
1558,26-35,Female,East,Repeat
1559,36-45,Female,East,Repeat
1560,18-25,Female,South,New
1561,18-25,Male,West,Repeat
1562,18-25,Male,North,New
1563,36-45,Male,East,Repeat
1564,46-60,Female,East,Repeat
1565,36-45,Male,North,New
1566,18-25,Female,South,New
1567,46-60,Female,East,Repeat
1568,18-25,Female,South,New
1569,18-25,Male,South,Repeat
1570,36-45,Male,South,New
1571,36-45,Male,East,New
1572,26-35,Male,East,New
1573,18-25,Female,North,New
1574,46-60,Female,North,Repeat
1575,18-25,Male,South,Repeat
1576,46-60,Male,East,Repeat
1577,26-35,Female,South,Repeat
1578,18-25,Male,North,Repeat
1579,46-60,Male,South,New
1580,46-60,Female,West,New
1581,26-35,Male,South,New
1582,36-45,Male,East,Repeat
1583,26-35,Male,South,Repeat
1584,46-60,Female,South,Repeat
1585,26-35,Male,East,Repeat
1586,36-45,Male,West,New
1587,18-25,Female,East,Repeat
1588,26-35,Female,North,Repeat
1589,26-35,Female,West,New
1590,18-25,Female,West,Repeat
1591,26-35,Female,East,Repeat
1592,36-45,Female,South,Repeat
1593,46-60,Female,North,Repeat
1594,26-35,Male,North,Repeat
1595,18-25,Female,West,Repeat
1596,18-25,Female,North,Repeat
1597,26-35,Female,West,New
1598,18-25,Male,West,New
1599,46-60,Male,North,New
1600,46-60,Female,West,New
1601,18-25,Female,South,Repeat
1602,26-35,Female,West,Repeat
1603,26-35,Male,South,Repeat
1604,18-25,Female,South,Repeat
1605,46-60,Male,South,Repeat
1606,46-60,Male,North,New
1607,26-35,Female,South,Repeat
1608,46-60,Male,North,New
1609,36-45,Female,East,Repeat
1610,46-60,Male,South,Repeat
1611,26-35,Male,West,New
1612,46-60,Male,East,New
1613,46-60,Female,East,Repeat
1614,18-25,Male,South,New
1615,36-45,Male,North,Repeat
1616,18-25,Female,East,Repeat
1617,46-60,Male,South,Repeat
1618,46-60,Male,East,Repeat
1619,18-25,Female,East,Repeat
1620,36-45,Female,South,New
1621,26-35,Female,West,Repeat
1622,18-25,Male,West,Repeat
1623,46-60,Male,West,New
1624,46-60,Male,East,New
1625,26-35,Male,North,New
1626,46-60,Male,North,Repeat
1627,46-60,Female,East,New
1628,26-35,Male,East,Repeat
1629,46-60,Female,South,New
1630,46-60,Male,North,Repeat
1631,36-45,Male,East,Repeat
1632,18-25,Female,West,New
1633,36-45,Male,North,New
1634,36-45,Male,East,New
1635,46-60,Female,South,Repeat
1636,18-25,Female,South,Repeat
1637,18-25,Male,North,New
1638,46-60,Female,West,Repeat
1639,36-45,Male,North,New
1640,36-45,Female,East,Repeat
1641,36-45,Male,West,New
1642,18-25,Female,East,Repeat
1643,46-60,Female,West,Repeat
1644,18-25,Male,West,Repeat
1645,36-45,Female,East,New
1646,18-25,Female,North,New
1647,18-25,Female,South,Repeat
1648,46-60,Male,West,Repeat
1649,46-60,Female,West,New
1650,18-25,Female,South,Repeat
1651,26-35,Female,North,Repeat
1652,46-60,Male,South,New
1653,26-35,Male,North,Repeat
1654,46-60,Female,West,Repeat
1655,36-45,Male,West,New
1656,26-35,Female,East,Repeat
1657,36-45,Male,North,Repeat
1658,36-45,Female,South,Repeat
1659,18-25,Male,North,New
1660,36-45,Female,North,Repeat
1661,36-45,Female,North,New
1662,36-45,Male,North,Repeat
1663,36-45,Female,South,New
1664,18-25,Female,East,New
1665,18-25,Female,West,Repeat
1666,36-45,Male,South,Repeat
1667,26-35,Female,South,New
1668,46-60,Female,West,New
1669,26-35,Female,East,New
1670,36-45,Male,South,New
1671,18-25,Female,West,New
1672,36-45,Male,East,New
1673,36-45,Female,East,New
1674,18-25,Male,North,Repeat
1675,26-35,Male,South,Repeat
1676,46-60,Male,East,New
1677,36-45,Female,South,New
1678,18-25,Male,West,Repeat
1679,46-60,Male,South,New
1680,46-60,Male,East,Repeat
1681,46-60,Male,West,Repeat
1682,18-25,Male,West,Repeat
1683,36-45,Male,North,Repeat
1684,18-25,Male,West,Repeat
1685,36-45,Male,East,New
1686,26-35,Male,North,Repeat
1687,46-60,Female,East,Repeat
1688,36-45,Male,East,Repeat
1689,26-35,Male,North,Repeat
1690,18-25,Male,North,New
1691,46-60,Male,South,New
1692,36-45,Male,East,New
1693,46-60,Male,South,Repeat
1694,46-60,Male,West,New
1695,46-60,Female,West,New
1696,18-25,Female,South,Repeat
1697,46-60,Female,North,New
1698,36-45,Male,West,Repeat
1699,18-25,Male,North,New
1700,26-35,Female,South,Repeat
1701,36-45,Female,North,New
1702,18-25,Male,East,Repeat
1703,36-45,Male,West,Repeat
1704,36-45,Female,North,Repeat
1705,26-35,Female,North,Repeat
1706,18-25,Female,East,Repeat
1707,46-60,Female,North,New
1708,36-45,Male,South,Repeat
1709,36-45,Female,South,New
1710,36-45,Female,South,New
1711,36-45,Male,West,New
1712,36-45,Female,North,New
1713,18-25,Female,West,Repeat
1714,36-45,Female,West,New
1715,36-45,Male,North,New
1716,36-45,Male,North,Repeat
1717,46-60,Female,South,New
1718,46-60,Male,West,Repeat
1719,18-25,Male,West,Repeat
1720,36-45,Female,North,New
1721,36-45,Male,West,New
1722,26-35,Female,East,New
1723,46-60,Male,North,Repeat
1724,26-35,Female,South,New
1725,36-45,Male,East,Repeat
1726,36-45,Male,East,Repeat
1727,26-35,Female,South,Repeat
1728,18-25,Female,East,New
1729,18-25,Female,East,New
1730,26-35,Female,East,Repeat
1731,36-45,Male,West,Repeat
1732,26-35,Male,East,New
1733,46-60,Female,East,Repeat
1734,18-25,Male,North,Repeat
1735,26-35,Female,South,New
1736,18-25,Male,West,Repeat
1737,46-60,Female,West,Repeat
1738,36-45,Male,South,Repeat
1739,36-45,Female,West,Repeat
1740,36-45,Male,West,Repeat
1741,18-25,Male,West,Repeat
1742,46-60,Female,North,Repeat
1743,26-35,Male,North,Repeat
1744,36-45,Male,West,New
1745,18-25,Female,South,New
1746,36-45,Female,South,New
1747,46-60,Female,North,Repeat
1748,26-35,Female,North,Repeat
1749,36-45,Male,East,Repeat
1750,46-60,Female,North,Repeat
1751,18-25,Female,West,New
1752,46-60,Female,North,New
1753,18-25,Male,East,New
1754,36-45,Male,East,New
1755,36-45,Male,South,Repeat
1756,46-60,Male,South,Repeat
1757,18-25,Female,West,New
1758,46-60,Male,North,Repeat
1759,46-60,Male,East,Repeat
1760,36-45,Female,East,New
1761,36-45,Female,South,Repeat
1762,36-45,Male,South,New
1763,46-60,Female,North,Repeat
1764,46-60,Male,East,New
1765,26-35,Male,South,Repeat
1766,26-35,Male,North,Repeat
1767,46-60,Female,North,Repeat
1768,26-35,Female,North,Repeat
1769,46-60,Male,South,New
1770,36-45,Male,South,Repeat
1771,18-25,Female,South,Repeat
1772,36-45,Male,West,Repeat
1773,46-60,Female,West,Repeat
1774,36-45,Female,West,Repeat
1775,46-60,Female,South,Repeat
1776,46-60,Female,South,New
1777,26-35,Male,West,New
1778,46-60,Female,East,Repeat
1779,18-25,Female,East,Repeat
1780,26-35,Female,East,New
1781,18-25,Male,East,Repeat
1782,46-60,Male,West,Repeat
1783,36-45,Male,North,Repeat
1784,46-60,Male,North,Repeat
1785,46-60,Male,East,New
1786,36-45,Female,South,Repeat
1787,36-45,Male,East,New
1788,18-25,Male,East,Repeat
1789,26-35,Female,North,Repeat
1790,26-35,Male,South,Repeat
1791,26-35,Male,North,Repeat
1792,18-25,Female,South,Repeat
1793,18-25,Male,West,Repeat
1794,36-45,Male,North,Repeat
1795,26-35,Female,West,New
1796,46-60,Male,West,Repeat
1797,18-25,Male,East,New
1798,46-60,Female,South,Repeat
1799,26-35,Male,North,New
1800,26-35,Male,East,Repeat
1801,18-25,Male,North,New
1802,18-25,Male,West,Repeat
1803,36-45,Male,North,New
1804,46-60,Female,North,New
1805,36-45,Male,East,Repeat
1806,36-45,Female,South,New
1807,46-60,Male,North,Repeat
1808,26-35,Male,West,Repeat
1809,46-60,Female,West,Repeat
1810,26-35,Female,East,New
1811,36-45,Female,West,New
1812,26-35,Male,North,New
1813,26-35,Male,South,New
1814,26-35,Female,North,New
1815,46-60,Male,East,Repeat
1816,26-35,Male,West,Repeat
1817,46-60,Male,North,New
1818,18-25,Male,North,New
1819,18-25,Male,West,Repeat
1820,36-45,Female,South,New
1821,36-45,Male,South,Repeat
1822,46-60,Female,South,New
1823,26-35,Male,West,Repeat
1824,26-35,Male,North,Repeat
1825,18-25,Male,East,Repeat
1826,46-60,Male,North,New
1827,26-35,Female,West,New
1828,26-35,Male,West,Repeat
1829,46-60,Male,North,Repeat
1830,36-45,Female,West,Repeat
1831,46-60,Male,North,Repeat
1832,46-60,Male,North,New
1833,26-35,Male,South,New
1834,18-25,Female,West,New
1835,26-35,Male,West,Repeat
1836,26-35,Female,South,New
1837,26-35,Female,South,New
1838,46-60,Male,South,Repeat
1839,46-60,Male,East,Repeat
1840,26-35,Male,West,Repeat
1841,26-35,Male,North,Repeat
1842,18-25,Female,North,Repeat
1843,36-45,Male,North,New
1844,26-35,Male,West,New
1845,46-60,Male,East,Repeat
1846,36-45,Female,West,Repeat
1847,36-45,Male,West,Repeat
1848,18-25,Male,West,New
1849,36-45,Male,West,Repeat
1850,26-35,Male,West,Repeat
1851,26-35,Male,East,New
1852,46-60,Male,South,Repeat
1853,26-35,Male,North,New
1854,26-35,Female,West,Repeat
1855,18-25,Female,West,Repeat
1856,36-45,Male,West,Repeat
1857,18-25,Male,North,Repeat
1858,36-45,Male,East,New
1859,18-25,Female,North,Repeat
1860,46-60,Male,East,Repeat
1861,18-25,Male,South,Repeat
1862,18-25,Female,West,New
1863,46-60,Female,East,Repeat
1864,26-35,Male,North,New
1865,26-35,Male,East,New
1866,46-60,Female,East,Repeat
1867,46-60,Female,South,Repeat
1868,18-25,Female,West,Repeat
1869,46-60,Female,West,Repeat
1870,46-60,Male,North,New
1871,36-45,Male,North,Repeat
1872,36-45,Female,South,New
1873,26-35,Male,East,Repeat
1874,46-60,Male,East,Repeat
1875,18-25,Female,North,Repeat
1876,26-35,Female,West,Repeat
1877,26-35,Female,East,Repeat
1878,26-35,Male,South,Repeat
1879,46-60,Male,North,New
1880,46-60,Male,East,New
1881,18-25,Female,West,Repeat
1882,18-25,Male,West,New
1883,26-35,Female,South,Repeat
1884,46-60,Male,South,New
1885,18-25,Female,North,New
1886,36-45,Male,North,Repeat
1887,36-45,Male,West,Repeat
1888,26-35,Female,West,Repeat
1889,36-45,Female,East,New
1890,26-35,Male,East,New
1891,46-60,Male,East,Repeat
1892,26-35,Female,South,Repeat
1893,26-35,Male,South,Repeat
1894,46-60,Male,East,New
1895,18-25,Female,West,Repeat
1896,18-25,Female,North,Repeat
1897,18-25,Male,South,Repeat
1898,18-25,Female,South,New
1899,26-35,Male,East,Repeat
1900,18-25,Male,North,Repeat
1901,36-45,Female,South,Repeat
1902,36-45,Male,North,Repeat
1903,18-25,Male,South,Repeat
1904,36-45,Male,North,Repeat
1905,36-45,Male,North,Repeat
1906,46-60,Male,South,Repeat
1907,46-60,Female,North,Repeat
1908,18-25,Female,West,Repeat
1909,26-35,Male,South,New
1910,26-35,Male,South,New
1911,46-60,Female,West,Repeat
1912,46-60,Male,North,New
1913,26-35,Female,West,Repeat
1914,18-25,Female,South,Repeat
1915,26-35,Female,West,Repeat
1916,26-35,Male,North,Repeat
1917,36-45,Male,West,Repeat
1918,26-35,Male,South,New
1919,46-60,Male,North,New
1920,18-25,Female,South,Repeat
1921,26-35,Male,South,Repeat
1922,36-45,Male,East,Repeat
1923,46-60,Male,South,New
1924,46-60,Female,South,New
1925,36-45,Male,North,Repeat
1926,46-60,Female,North,Repeat
1927,36-45,Male,North,Repeat
1928,46-60,Male,West,Repeat
1929,46-60,Male,West,Repeat
1930,46-60,Male,North,New
1931,46-60,Male,West,New
1932,36-45,Female,East,Repeat
1933,26-35,Male,West,Repeat
1934,46-60,Female,East,New
1935,36-45,Male,North,New
1936,36-45,Male,North,Repeat
1937,36-45,Female,West,New
1938,26-35,Male,North,Repeat
1939,18-25,Female,North,Repeat
1940,36-45,Female,South,New
1941,36-45,Male,North,Repeat
1942,36-45,Male,South,New
1943,26-35,Male,North,New
1944,46-60,Male,East,New
1945,26-35,Male,East,Repeat
1946,36-45,Female,North,Repeat
1947,18-25,Female,East,New
1948,36-45,Male,East,Repeat
1949,46-60,Male,East,New
1950,18-25,Female,West,Repeat
1951,18-25,Female,East,Repeat
1952,26-35,Female,South,Repeat
1953,26-35,Male,West,New
1954,46-60,Male,South,New
1955,26-35,Female,South,Repeat
1956,46-60,Female,South,New
1957,18-25,Male,West,Repeat
1958,18-25,Female,North,New
1959,18-25,Male,East,Repeat
1960,46-60,Female,East,Repeat
1961,26-35,Male,North,Repeat
1962,26-35,Female,North,Repeat
1963,26-35,Female,South,Repeat
1964,36-45,Female,West,New
1965,18-25,Female,South,Repeat
1966,18-25,Male,East,New
1967,36-45,Female,North,Repeat
1968,18-25,Male,East,Repeat
1969,18-25,Female,North,New
1970,36-45,Female,West,Repeat
1971,18-25,Male,South,New
1972,26-35,Female,East,Repeat
1973,36-45,Female,West,Repeat
1974,18-25,Male,East,New
1975,26-35,Female,North,New
1976,46-60,Female,East,Repeat
1977,18-25,Female,West,New
1978,36-45,Male,West,New
1979,26-35,Female,South,Repeat
1980,46-60,Male,East,Repeat
1981,46-60,Male,North,New
1982,18-25,Male,East,New
1983,46-60,Male,South,Repeat
1984,36-45,Female,North,New
1985,46-60,Female,North,Repeat
1986,18-25,Male,South,Repeat
1987,46-60,Female,North,New
1988,18-25,Female,West,Repeat
1989,46-60,Female,West,Repeat
1990,26-35,Female,North,Repeat
1991,18-25,Female,East,Repeat
1992,36-45,Female,North,Repeat
1993,36-45,Male,East,Repeat
1994,46-60,Female,South,New
1995,26-35,Male,West,New
1996,46-60,Female,West,New
1997,46-60,Male,South,Repeat
1998,26-35,Female,South,Repeat
1999,18-25,Male,West,New
2000,36-45,Male,South,Repeat
